{"type": "metrics", "dataset": "train", "precision": 0.6584958217270195, "balanced_accuracy": 0.6061915639709494, "recall": 0.25005288766659617, "f1_score": 0.3624655013799448}
{"type": "metrics", "dataset": "test", "precision": 0.6750313676286073, "balanced_accuracy": 0.6226488855977582, "recall": 0.2818229439497119, "f1_score": 0.3976348854397635}
{"type": "cm_matrix", "dataset": "train", "true_0": {"predicted_0": 15660, "predicted_1": 613}, "true_1": {"predicted_0": 3545, "predicted_1": 1182}}
{"type": "cm_matrix", "dataset": "test", "true_0": {"predicted_0": 6832, "predicted_1": 259}, "true_1": {"predicted_0": 1371, "predicted_1": 538}}
